Model,Accuracy,Precision,Recall,F1,ROC_AUC
Decision Tree,1.0,1.0,1.0,1.0,
Random Forest,1.0,1.0,1.0,1.0,1.0
Gradient Boosting,1.0,1.0,1.0,1.0,1.0
Logistic Regression,0.9912280701754386,1.0,0.9767441860465116,0.9882352941176471,1.0
SVM (RBF),0.9912280701754386,1.0,0.9767441860465116,0.9882352941176471,1.0
KNN,0.956140350877193,0.975,0.9069767441860465,0.9397590361445783,
Naive Bayes,0.956140350877193,1.0,0.8837209302325582,0.9382716049382716,
